Date,Close
2015-01-01,8630.9501953125
2015-01-02,8668.650390625
2015-01-05,8651.5
2015-01-06,8304.0
2015-01-07,8404.900390625
2015-01-08,8450.5
2015-01-09,8548.400390625
2015-01-12,8463.7001953125
2015-01-13,8374.7998046875
2015-01-14,8335.0
2015-01-15,8542.25
2015-01-16,8589.400390625
2015-01-19,8655.650390625
2015-01-20,8763.349609375
2015-01-21,8766.4501953125
2015-01-22,8693.0
2015-01-23,8748.4501953125
2015-01-27,8765.5498046875
2015-01-28,8852.5
2015-01-29,8956.5498046875
2015-01-30,8920.650390625
2015-02-02,8887.400390625
2015-02-03,9037.150390625
2015-02-04,9050.2001953125
2015-02-05,8910.849609375
2015-02-06,8808.7001953125
2015-02-09,8708.2001953125
2015-02-10,8652.5498046875
2015-02-11,8721.650390625
2015-02-12,8821.400390625
2015-02-13,8832.099609375
2015-02-16,8790.0
2015-02-18,8806.5
2015-02-19,8831.5
2015-02-20,8669.7998046875
2015-02-23,8551.4501953125
2015-02-24,8470.0
2015-02-25,8467.0
2015-02-26,8506.599609375
2015-02-27,8661.0498046875
2015-03-02,8711.7001953125
2015-03-03,8861.849609375
2015-03-04,8746.0498046875
2015-03-05,8743.25
2015-03-09,8551.5
2015-03-10,8465.9501953125
2015-03-11,8430.900390625
2015-03-12,8543.0498046875
2015-03-13,8430.599609375
2015-03-16,8364.0498046875
2015-03-17,8468.9501953125
2015-03-18,8476.75
2015-03-19,8436.7998046875
2015-03-20,8355.25
2015-03-23,8335.2001953125
2015-03-24,8387.0498046875
2015-03-25,8319.099609375
2015-03-26,8196.099609375
2015-03-27,8116.5
2015-03-30,8183.7001953125
2015-03-31,8264.25
2015-04-01,8313.150390625
2015-04-06,8372.349609375
2015-04-07,8436.599609375
2015-04-08,8568.9501953125
2015-04-09,8688.25
2015-04-10,8740.099609375
2015-04-13,8849.900390625
2015-04-15,8838.0498046875
2015-04-16,8910.650390625
2015-04-17,8900.2998046875
2015-04-20,8657.099609375
2015-04-21,8563.650390625
2015-04-22,8548.2001953125
2015-04-23,8495.849609375
2015-04-24,8509.7998046875
2015-04-27,8386.150390625
2015-04-28,8380.849609375
2015-04-29,8302.2998046875
2015-04-30,8331.75
2015-05-04,8620.650390625
2015-05-05,8663.2998046875
2015-05-06,8437.150390625
2015-05-07,8318.4501953125
2015-05-08,8397.099609375
2015-05-11,8489.849609375
2015-05-12,8239.2001953125
2015-05-13,8342.25
2015-05-14,8352.0498046875
2015-05-15,8333.25
2015-05-18,8472.099609375
2015-05-19,8454.849609375
2015-05-20,8510.150390625
2015-05-21,8454.400390625
2015-05-22,8520.650390625
2015-05-25,8504.650390625
2015-05-26,8415.349609375
2015-05-27,8481.099609375
2015-05-28,8429.400390625
2015-05-29,8488.099609375
2015-06-01,8591.9501953125
2015-06-02,8530.599609375
2015-06-03,8404.0498046875
2015-06-04,8460.0
2015-06-05,8502.349609375
2015-06-08,8386.75
2015-06-09,8367.9501953125
2015-06-10,8503.650390625
2015-06-11,8311.0
2015-06-12,8374.099609375
2015-06-15,8418.25
2015-06-16,8452.2001953125
2015-06-17,8537.150390625
2015-06-18,8792.400390625
2015-06-19,8879.849609375
2015-06-22,8896.5498046875
2015-06-23,8934.9501953125
2015-06-24,8881.75
2015-06-25,8953.0498046875
2015-06-26,8910.900390625
2015-06-29,8854.849609375
2015-06-30,8892.9501953125
2015-07-01,8970.650390625
2015-07-02,8986.150390625
2015-07-03,8969.400390625
2015-07-06,9012.2001953125
2015-07-07,8913.849609375
2015-07-08,8820.4501953125
2015-07-09,8701.099609375
2015-07-10,8743.849609375
2015-07-13,8820.5498046875
2015-07-14,8797.75
2015-07-15,8850.9501953125
2015-07-16,8938.5
2015-07-17,8950.900390625
2015-07-20,8960.75
2015-07-21,8803.5498046875
2015-07-22,9055.400390625
2015-07-23,9045.0
2015-07-24,8936.75
2015-07-27,8747.0
2015-07-28,8757.900390625
2015-07-29,8669.099609375
2015-07-30,8716.0498046875
2015-07-31,8711.849609375
2015-08-03,8698.400390625
2015-08-04,8609.2001953125
2015-08-05,8629.7001953125
2015-08-06,8593.5
2015-08-07,8662.7001953125
2015-08-10,8537.25
2015-08-11,8475.099609375
2015-08-12,8275.5498046875
2015-08-13,8254.650390625
2015-08-14,8409.650390625
2015-08-17,8299.2001953125
2015-08-18,8253.0
2015-08-19,8275.349609375
2015-08-20,8077.64990234375
2015-08-21,7998.60009765625
2015-08-24,7333.85009765625
2015-08-25,7463.89990234375
2015-08-26,7476.60009765625
2015-08-27,7634.60009765625
2015-08-28,7727.85009765625
2015-08-31,7645.5
2015-09-01,7511.64990234375
2015-09-02,7441.5
2015-09-03,7510.60009765625
2015-09-04,7360.89990234375
2015-09-07,7299.14990234375
2015-09-08,7428.64990234375
2015-09-09,7586.2001953125
2015-09-10,7536.85009765625
2015-09-11,7511.39990234375
2015-09-14,7615.39990234375
2015-09-15,7633.60009765625
2015-09-16,7667.10009765625
2015-09-18,7805.0
2015-09-21,7756.10009765625
2015-09-22,7543.7998046875
2015-09-23,7571.4501953125
2015-09-24,7491.10009765625
2015-09-28,7473.64990234375
2015-09-29,7481.0498046875
2015-09-30,7640.89990234375
2015-10-01,7648.5498046875
2015-10-05,7823.9501953125
2015-10-06,7923.60009765625
2015-10-07,8040.5
2015-10-08,7926.14990234375
2015-10-09,7936.2998046875
2015-10-12,7968.0
2015-10-13,7941.2998046875
2015-10-14,7961.75
2015-10-15,8035.7001953125
2015-10-16,8112.5
2015-10-19,8289.150390625
2015-10-20,8250.0498046875
2015-10-21,8225.650390625
2015-10-23,8278.650390625
2015-10-26,8207.150390625
2015-10-27,8152.9501953125
2015-10-28,8109.7998046875
2015-10-29,8064.5
2015-10-30,8099.35009765625
2015-11-02,8153.64990234375
2015-11-03,8231.25
2015-11-04,8178.0498046875
2015-11-05,8107.2001953125
2015-11-06,8168.4501953125
2015-11-09,8175.25
2015-11-10,7885.60009765625
2015-11-13,7932.60009765625
2015-11-16,7943.60009765625
2015-11-17,7940.4501953125
2015-11-18,7880.0498046875
2015-11-19,8030.35009765625
2015-11-20,8126.35009765625
2015-11-23,8149.75
2015-11-24,8206.7001953125
2015-11-26,8324.75
2015-11-27,8285.4501953125
2015-11-30,8242.75
2015-12-01,8288.349609375
2015-12-02,8331.9501953125
2015-12-03,8278.25
2015-12-04,8171.7001953125
2015-12-07,8114.35009765625
2015-12-08,7990.7998046875
2015-12-09,7849.4501953125
2015-12-10,8046.10009765625
2015-12-11,8002.7998046875
2015-12-14,7997.0498046875
2015-12-15,8102.2998046875
2015-12-16,8213.849609375
2015-12-17,8356.650390625
2015-12-18,8277.7998046875
2015-12-21,8343.75
2015-12-22,8325.5
2015-12-23,8458.4501953125
2015-12-24,8454.900390625
2015-12-28,8552.7001953125
2015-12-29,8568.400390625
2015-12-30,8517.25
2015-12-31,8584.099609375
2016-01-01,8594.7001953125
2016-01-04,8468.599609375
2016-01-05,8555.0
2016-01-06,8662.4501953125
2016-01-07,8454.4501953125
2016-01-08,8586.2001953125
2016-01-11,8656.599609375
2016-01-12,8616.400390625
2016-01-13,8734.650390625
2016-01-14,8671.7001953125
2016-01-15,8607.5498046875
2016-01-18,8289.150390625
2016-01-19,8416.7998046875
2016-01-20,8179.10009765625
2016-01-21,8046.35009765625
2016-01-22,8242.7998046875
2016-01-25,8230.9501953125
2016-01-27,8264.2998046875
2016-01-28,8381.2998046875
2016-01-29,8516.849609375
2016-02-01,8470.75
2016-02-02,8234.7001953125
2016-02-03,8069.64990234375
2016-02-04,8063.10009765625
2016-02-05,8057.5
2016-02-08,7947.35009765625
2016-02-09,7961.10009765625
2016-02-10,7949.4501953125
2016-02-11,7634.5
2016-02-12,7513.25
2016-02-15,7780.75
2016-02-16,7673.2001953125
2016-02-17,7796.10009765625
2016-02-18,7803.2001953125
2016-02-19,7798.75
2016-02-22,7862.14990234375
2016-02-23,7726.10009765625
2016-02-24,7728.2001953125
2016-02-25,7652.10009765625
2016-02-26,7713.10009765625
2016-02-29,7664.85009765625
2016-03-01,7822.7998046875
2016-03-02,7955.35009765625
2016-03-03,8040.2998046875
2016-03-04,8057.75
2016-03-08,8177.60009765625
2016-03-09,8225.349609375
2016-03-10,8096.85009765625
2016-03-11,8110.14990234375
2016-03-14,8159.5498046875
2016-03-15,8171.2001953125
2016-03-16,8168.14990234375
2016-03-17,8229.099609375
2016-03-18,8276.75
2016-03-21,8349.9501953125
2016-03-22,8406.25
2016-03-23,8309.2998046875
2016-03-28,8286.0
2016-03-29,8323.0498046875
2016-03-30,8459.900390625
2016-03-31,8424.599609375
2016-04-01,8347.75
2016-04-04,8371.75
2016-04-05,8294.849609375
2016-04-06,8340.2001953125
2016-04-07,8350.9501953125
2016-04-08,8400.4501953125
2016-04-11,8484.099609375
2016-04-12,8554.0498046875
2016-04-13,8678.0498046875
2016-04-18,8694.900390625
2016-04-20,8610.349609375
2016-04-21,8641.900390625
2016-04-22,8659.0
2016-04-25,8523.4501953125
2016-04-26,8554.650390625
2016-04-27,8609.349609375
2016-04-28,8410.7998046875
2016-04-29,8404.650390625
2016-05-02,8419.099609375
2016-05-03,8341.900390625
2016-05-04,8306.7001953125
2016-05-05,8289.0498046875
2016-05-06,8299.9501953125
2016-05-09,8395.75
2016-05-10,8340.2001953125
2016-05-11,8288.349609375
2016-05-12,8380.0498046875
2016-05-13,8303.7001953125
2016-05-16,8276.75
2016-05-17,8290.9501953125
2016-05-18,8287.0
2016-05-19,8186.35009765625
2016-05-20,8131.75
2016-05-23,8105.5498046875
2016-05-24,8118.0
2016-05-25,8260.150390625
2016-05-26,8280.849609375
2016-05-27,8454.0
2016-05-30,8450.9501953125
2016-05-31,8373.2001953125
2016-06-01,8363.9501953125
2016-06-02,8401.650390625
2016-06-03,8447.0
2016-06-06,8397.150390625
2016-06-07,8400.2001953125
2016-06-08,8428.349609375
2016-06-09,8546.25
2016-06-10,8546.900390625
2016-06-13,8527.900390625
2016-06-14,8481.849609375
2016-06-15,8609.0498046875
2016-06-16,8557.5
2016-06-17,8551.599609375
2016-06-20,8633.2001953125
2016-06-21,8616.5498046875
2016-06-22,8592.099609375
2016-06-23,8602.5
2016-06-24,8428.2998046875
2016-06-27,8472.650390625
2016-06-28,8512.900390625
2016-06-29,8626.0498046875
2016-06-30,8705.099609375
2016-07-01,8849.2998046875
2016-07-04,8954.849609375
2016-07-05,8911.25
2016-07-07,8888.7001953125
2016-07-08,8825.5
2016-07-11,8963.4501953125
2016-07-12,9025.150390625
2016-07-13,9039.900390625
2016-07-14,9063.400390625
2016-07-15,9067.4501953125
2016-07-18,8965.2998046875
2016-07-19,9104.0
2016-07-20,9199.7001953125
2016-07-21,9103.9501953125
2016-07-22,9207.150390625
2016-07-25,9326.2998046875
2016-07-26,9310.400390625
2016-07-27,9286.5
2016-07-28,9328.0498046875
2016-07-29,9311.849609375
2016-08-01,9296.2998046875
2016-08-02,9298.349609375
2016-08-03,9167.150390625
2016-08-04,9179.0
2016-08-05,9392.7998046875
2016-08-08,9503.0498046875
2016-08-09,9464.5498046875
2016-08-10,9265.25
2016-08-11,9336.849609375
2016-08-12,9434.5
2016-08-16,9445.400390625
2016-08-17,9388.0
2016-08-18,9508.349609375
2016-08-19,9522.900390625
2016-08-22,9466.849609375
2016-08-23,9355.150390625
2016-08-24,9462.2998046875
2016-08-25,9429.2001953125
2016-08-26,9488.349609375
2016-08-29,9608.2998046875
2016-08-30,9720.4501953125
2016-08-31,9663.650390625
2016-09-01,9535.2998046875
2016-09-02,9503.400390625
2016-09-06,9591.5
2016-09-07,9550.2998046875
2016-09-08,9601.400390625
2016-09-09,9668.2001953125
2016-09-12,9514.5498046875
2016-09-14,9540.7001953125
2016-09-15,9561.400390625
2016-09-16,9644.849609375
2016-09-19,9727.150390625
2016-09-20,9694.349609375
2016-09-21,9676.849609375
2016-09-22,9828.0
2016-09-23,9886.0498046875
2016-09-26,9860.650390625
2016-09-27,9831.849609375
2016-09-28,9822.75
2016-09-29,9631.099609375
2016-09-30,9756.2001953125
2016-10-03,9915.5
2016-10-04,10057.349609375
2016-10-05,10034.5
2016-10-06,10196.0
2016-10-07,10145.5
2016-10-10,10082.75
2016-10-13,9889.7001953125
2016-10-14,10061.75
2016-10-17,9987.25
2016-10-18,10071.9501953125
2016-10-19,10164.7001953125
2016-10-20,10183.150390625
2016-10-21,10106.4501953125
2016-10-24,10201.650390625
2016-10-25,10181.4501953125
2016-10-26,10104.0
2016-10-27,10053.2001953125
2016-10-28,10092.25
2016-11-01,10137.5
2016-11-02,9919.4501953125
2016-11-03,9805.5498046875
2016-11-04,9711.150390625
2016-11-07,9762.0498046875
2016-11-08,9821.7001953125
2016-11-09,9825.4501953125
2016-11-10,9975.5
2016-11-11,9807.4501953125
2016-11-15,9658.2998046875
2016-11-16,9657.7998046875
2016-11-17,9678.400390625
2016-11-18,9797.25
2016-11-21,9689.599609375
2016-11-22,9749.2998046875
2016-11-23,9817.0
2016-11-24,9696.2998046875
2016-11-25,9806.4501953125
2016-11-28,9890.099609375
2016-11-29,9915.0498046875
2016-11-30,9938.9501953125
2016-12-01,9876.349609375
2016-12-02,9804.5
2016-12-05,9808.0
2016-12-06,9901.7001953125
2016-12-07,9912.9501953125
2016-12-08,10066.900390625
2016-12-09,10111.9501953125
2016-12-12,10060.5
2016-12-13,10149.9501953125
2016-12-14,10154.150390625
2016-12-15,10114.900390625
2016-12-16,10080.650390625
2016-12-19,10140.2001953125
2016-12-20,10103.9501953125
2016-12-21,10168.0
2016-12-22,10032.349609375
2016-12-23,10062.099609375
2016-12-26,9928.2998046875
2016-12-27,10067.0498046875
2016-12-28,9994.7998046875
2016-12-29,10148.900390625
2016-12-30,10271.5498046875
2017-01-02,10307.650390625
2017-01-03,10431.0498046875
2017-01-04,10346.849609375
2017-01-05,10505.4501953125
2017-01-06,10468.5498046875
2017-01-09,10396.150390625
2017-01-10,10489.5498046875
2017-01-11,10523.75
2017-01-12,10644.2998046875
2017-01-13,10656.599609375
2017-01-16,10599.849609375
2017-01-17,10445.650390625
2017-01-18,10403.900390625
2017-01-19,10538.650390625
2017-01-20,10407.099609375
2017-01-23,10449.349609375
2017-01-24,10584.9501953125
2017-01-25,10661.900390625
2017-01-27,10735.4501953125
2017-01-30,10765.2998046875
2017-01-31,10674.150390625
2017-02-01,10742.400390625
2017-02-02,10756.4501953125
2017-02-03,10708.099609375
2017-02-06,10783.0498046875
2017-02-07,10692.099609375
2017-02-08,10722.599609375
2017-02-09,10726.0498046875
2017-02-10,10676.75
2017-02-13,10704.7001953125
2017-02-14,10728.849609375
2017-02-15,10648.75
2017-02-16,10746.099609375
2017-02-17,10846.2001953125
2017-02-20,10947.150390625
2017-02-21,11024.4501953125
2017-02-22,11418.5498046875
2017-02-23,11311.150390625
2017-02-27,11458.7998046875
2017-02-28,11360.2001953125
2017-03-01,11277.349609375
2017-03-02,11172.2998046875
2017-03-03,11305.0498046875
2017-03-06,11539.599609375
2017-03-07,11573.849609375
2017-03-08,11456.5
2017-03-09,11397.5498046875
2017-03-10,11350.9501953125
2017-03-14,11435.650390625
2017-03-15,11469.5
2017-03-16,11524.7998046875
2017-03-17,11487.150390625
2017-03-20,11411.9501953125
2017-03-21,11359.0498046875
2017-03-22,11321.650390625
2017-03-23,11456.650390625
2017-03-24,11485.400390625
2017-03-27,11307.900390625
2017-03-28,11298.2001953125
2017-03-29,11339.2001953125
2017-03-30,11377.650390625
2017-03-31,11648.7001953125
2017-04-03,11819.400390625
2017-04-05,11979.2998046875
2017-04-06,12123.4501953125
2017-04-07,12055.0498046875
2017-04-10,12017.4501953125
2017-04-11,12012.25
2017-04-12,11914.0
2017-04-13,12018.400390625
2017-04-17,12107.849609375
2017-04-18,12031.400390625
2017-04-19,12100.7998046875
2017-04-20,12068.5
2017-04-21,12193.7998046875
2017-04-24,12273.150390625
2017-04-25,12406.849609375
2017-04-26,12278.650390625
2017-04-27,12290.099609375
2017-04-28,12263.5498046875
2017-05-02,12242.849609375
2017-05-03,12212.849609375
2017-05-04,12140.150390625
2017-05-05,11925.400390625
2017-05-08,11909.5498046875
2017-05-09,11980.7001953125
2017-05-10,12118.4501953125
2017-05-11,12037.0
2017-05-12,12017.650390625
2017-05-15,12036.5498046875
2017-05-16,12099.5
2017-05-17,12073.150390625
2017-05-18,11884.400390625
2017-05-19,11794.7001953125
2017-05-22,11700.5498046875
2017-05-23,11559.25
2017-05-24,11546.349609375
2017-05-25,11627.5498046875
2017-05-26,11858.349609375
2017-05-29,11919.900390625
2017-05-30,11954.0
2017-05-31,11925.650390625
2017-06-01,11796.7001953125
2017-06-02,11757.5498046875
2017-06-05,11806.400390625
2017-06-06,11677.2001953125
2017-06-07,11788.900390625
2017-06-08,11701.150390625
2017-06-09,11688.349609375
2017-06-12,11633.75
2017-06-13,11629.4501953125
2017-06-14,11797.349609375
2017-06-15,11779.0
2017-06-16,11823.25
2017-06-19,11913.2001953125
2017-06-20,11933.099609375
2017-06-21,11897.849609375
2017-06-22,11811.4501953125
2017-06-23,11768.75
2017-06-27,11778.2998046875
2017-06-28,11644.2001953125
2017-06-29,11630.7998046875
2017-06-30,11600.400390625
2017-07-03,11643.0
2017-07-04,11798.599609375
2017-07-05,11920.5498046875
2017-07-06,11884.75
2017-07-07,12055.75
2017-07-10,12130.7998046875
2017-07-11,12159.650390625
2017-07-12,12318.0
2017-07-13,12348.7001953125
2017-07-14,12443.7998046875
2017-07-17,12530.0
2017-07-18,12373.2001953125
2017-07-19,12488.9501953125
2017-07-20,12445.7998046875
2017-07-21,12641.400390625
2017-07-24,12745.5498046875
2017-07-25,12691.25
2017-07-26,12792.0498046875
2017-07-27,12664.2998046875
2017-07-28,12671.349609375
2017-07-31,12829.150390625
2017-08-01,12819.9501953125
2017-08-02,12922.650390625
2017-08-03,13080.9501953125
2017-08-04,13203.650390625
2017-08-07,13267.4501953125
2017-08-08,13042.4501953125
2017-08-09,13009.5498046875
2017-08-10,12804.9501953125
2017-08-11,12659.099609375
2017-08-14,12859.5498046875
2017-08-16,12831.2001953125
2017-08-17,12892.400390625
2017-08-18,12959.650390625
2017-08-21,12796.2998046875
2017-08-22,12843.4501953125
2017-08-23,12975.849609375
2017-08-24,12933.900390625
2017-08-28,12963.2998046875
2017-08-29,12749.0498046875
2017-08-30,12993.2998046875
2017-08-31,13150.0498046875
2017-09-01,13218.75
2017-09-04,13163.849609375
2017-09-05,13275.099609375
2017-09-06,13292.2998046875
2017-09-07,13239.849609375
2017-09-08,13152.7001953125
2017-09-11,13238.9501953125
2017-09-12,13381.900390625
2017-09-13,13414.599609375
2017-09-14,13364.599609375
2017-09-15,13347.0
2017-09-18,13377.2998046875
2017-09-19,13413.7001953125
2017-09-20,13410.2998046875
2017-09-21,13333.7998046875
2017-09-22,13046.7001953125
2017-09-25,13035.0
2017-09-26,13023.900390625
2017-09-27,12809.0498046875
2017-09-28,12721.9501953125
2017-09-29,12772.650390625
2017-10-03,12945.25
2017-10-04,13160.849609375
2017-10-05,13164.7001953125
2017-10-06,13405.0498046875
2017-10-09,13277.849609375
2017-10-10,13380.2001953125
2017-10-11,13389.9501953125
2017-10-12,13653.25
2017-10-13,13678.2001953125
2017-10-16,13711.0
2017-10-17,13728.0
2017-10-18,14093.849609375
2017-10-19,13979.9501953125
2017-10-23,14230.599609375
2017-10-24,14290.7998046875
2017-10-25,14397.599609375
2017-10-26,14579.150390625
2017-10-27,14387.0
2017-10-30,14531.849609375
2017-10-31,14511.2001953125
2017-11-01,14585.2998046875
2017-11-02,14549.599609375
2017-11-03,14515.099609375
2017-11-06,14412.7998046875
2017-11-07,14132.0498046875
2017-11-08,13932.0
2017-11-09,14010.7001953125
2017-11-10,13862.849609375
2017-11-13,13737.099609375
2017-11-14,13737.599609375
2017-11-15,13676.0
2017-11-16,13877.2001953125
2017-11-17,13962.2001953125
2017-11-20,14098.849609375
2017-11-21,14231.150390625
2017-11-22,14222.5498046875
2017-11-23,14340.75
2017-11-24,14412.9501953125
2017-11-27,14454.4501953125
2017-11-28,14319.25
2017-11-29,14343.4501953125
2017-11-30,14124.650390625
2017-12-01,13941.099609375
2017-12-04,13901.5498046875
2017-12-05,13942.0498046875
2017-12-06,13965.0498046875
2017-12-07,14156.7998046875
2017-12-08,14173.9501953125
2017-12-11,14135.0
2017-12-12,14057.0498046875
2017-12-13,14085.25
2017-12-14,14196.5
2017-12-15,14203.75
2017-12-18,14221.5498046875
2017-12-19,14312.75
2017-12-20,14263.2001953125
2017-12-21,14251.400390625
2017-12-22,14359.150390625
2017-12-26,14442.75
2017-12-27,14332.25
2017-12-28,14288.5
2017-12-29,14249.2998046875
2018-01-01,14138.9501953125
2018-01-02,14162.400390625
2018-01-03,14157.7998046875
2018-01-04,14247.25
2018-01-05,14249.900390625
2018-01-08,14326.0
2018-01-09,14411.099609375
2018-01-10,14395.7001953125
2018-01-11,14340.9501953125
2018-01-12,14438.9501953125
2018-01-15,14410.400390625
2018-01-16,14105.2001953125
2018-01-17,14140.849609375
2018-01-18,13993.75
2018-01-19,14128.099609375
2018-01-22,14409.900390625
2018-01-23,14596.75
2018-01-24,14504.75
2018-01-25,14465.650390625
2018-01-29,14381.0498046875
2018-01-30,14368.5498046875
2018-01-31,14453.9501953125
2018-02-01,14263.900390625
2018-02-02,13775.2998046875
2018-02-05,13766.400390625
2018-02-06,13583.7001953125
2018-02-07,13707.25
2018-02-08,13727.150390625
2018-02-09,13639.599609375
2018-02-12,13829.2001953125
2018-02-14,13879.0
2018-02-15,13968.099609375
2018-02-16,13801.0498046875
2018-02-19,13777.75
2018-02-20,13748.2001953125
2018-02-21,13818.5
2018-02-22,13667.25
2018-02-23,13816.7001953125
2018-02-26,13909.7001953125
2018-02-27,13992.25
2018-02-28,13991.4501953125
2018-03-01,13961.0
2018-03-05,13686.349609375
2018-03-06,13581.9501953125
2018-03-07,13358.2001953125
2018-03-08,13549.4501953125
2018-03-09,13537.150390625
2018-03-12,13835.4501953125
2018-03-13,13934.2001953125
2018-03-14,13843.25
2018-03-15,13667.150390625
2018-03-16,13419.25
2018-03-19,13324.0
2018-03-20,13244.650390625
2018-03-21,13325.2998046875
2018-03-22,13372.9501953125
2018-03-23,13239.2001953125
2018-03-26,13280.2001953125
2018-03-27,13354.400390625
2018-03-28,13214.150390625
2018-04-02,13291.25
2018-04-03,13394.75
2018-04-04,13254.099609375
2018-04-05,13431.900390625
2018-04-06,13490.599609375
2018-04-09,13611.400390625
2018-04-10,13636.75
2018-04-11,13581.650390625
2018-04-12,13574.7998046875
2018-04-13,13633.7998046875
2018-04-16,13638.349609375
2018-04-17,13750.5498046875
2018-04-18,13696.099609375
2018-04-19,13643.650390625
2018-04-20,13476.4501953125
2018-04-23,13558.650390625
2018-04-24,13841.7998046875
2018-04-25,13784.849609375
2018-04-26,13824.849609375
2018-04-27,14030.4501953125
2018-04-30,13770.150390625
2018-05-02,13771.7001953125
2018-05-03,13709.5
2018-05-04,13643.25
2018-05-07,13863.099609375
2018-05-08,13880.599609375
2018-05-09,13921.150390625
2018-05-10,13960.0498046875
2018-05-11,14048.349609375
2018-05-14,14071.349609375
2018-05-15,14025.0
2018-05-16,13786.0498046875
2018-05-17,13682.7001953125
2018-05-18,13523.5498046875
2018-05-21,13514.0498046875
2018-05-22,13456.25
2018-05-23,13172.25
2018-05-24,13113.9501953125
2018-05-25,13315.7998046875
2018-05-28,13446.099609375
2018-05-29,13446.5498046875
2018-05-30,13401.5
2018-05-31,13523.400390625
2018-06-01,13498.25
2018-06-04,13511.400390625
2018-06-05,13545.349609375
2018-06-06,13614.0
2018-06-07,13793.099609375
2018-06-08,13862.900390625
2018-06-11,13846.2998046875
2018-06-12,13946.849609375
2018-06-13,13994.7998046875
2018-06-14,13976.2998046875
2018-06-15,13939.099609375
2018-06-18,14030.5
2018-06-19,13820.7998046875
2018-06-20,13972.5
2018-06-21,14064.400390625
2018-06-22,13948.400390625
2018-06-25,13777.099609375
2018-06-26,13581.0498046875
2018-06-27,13247.150390625
2018-06-28,12999.150390625
2018-06-29,13333.349609375
2018-07-02,13151.9501953125
2018-07-03,13278.400390625
2018-07-04,13372.7001953125
2018-07-05,13171.0498046875
2018-07-06,13283.7998046875
2018-07-09,13498.400390625
2018-07-10,13749.9501953125
2018-07-11,13795.650390625
2018-07-12,14165.900390625
2018-07-13,14288.7001953125
2018-07-16,14085.0
2018-07-17,14318.900390625
2018-07-18,14363.400390625
2018-07-19,14431.2998046875
2018-07-20,14542.2998046875
2018-07-23,14508.349609375
2018-07-24,14488.0
2018-07-25,14457.0
2018-07-26,14474.099609375
2018-07-27,14693.7998046875
2018-07-30,14911.5
2018-07-31,15150.2001953125
2018-08-01,15245.2998046875
2018-08-02,15103.0
2018-08-03,15205.9501953125
2018-08-06,15319.25
2018-08-07,15219.7001953125
2018-08-08,15483.7998046875
2018-08-09,15491.400390625
2018-08-10,15375.599609375
2018-08-13,15141.2998046875
2018-08-14,15309.849609375
2018-08-16,15238.599609375
2018-08-17,15250.0498046875
2018-08-20,15520.25
2018-08-21,15622.400390625
2018-08-23,15798.5
2018-08-24,15875.0
2018-08-27,16082.7001953125
2018-08-28,16241.650390625
2018-08-29,16059.9501953125
2018-08-30,15960.599609375
2018-08-31,15763.0
2018-09-03,15598.599609375
2018-09-04,15587.9501953125
2018-09-05,15486.5498046875
2018-09-06,15803.4501953125
2018-09-07,15937.400390625
2018-09-10,15675.7998046875
2018-09-11,15477.4501953125
2018-09-12,15601.0498046875
2018-09-14,15791.900390625
2018-09-17,15609.0498046875
2018-09-18,15460.2001953125
2018-09-19,15458.4501953125
2018-09-21,15575.2998046875
2018-09-24,15588.5498046875
2018-09-25,15540.599609375
2018-09-26,15703.900390625
2018-09-27,15694.9501953125
2018-09-28,15697.2001953125
2018-10-01,15539.75
2018-10-03,15371.0498046875
2018-10-04,14427.7998046875
2018-10-05,13278.0
2018-10-08,13828.150390625
2018-10-09,13591.349609375
2018-10-10,13779.349609375
2018-10-11,13796.5498046875
2018-10-12,14243.0498046875
2018-10-15,14363.150390625
2018-10-16,14596.9501953125
2018-10-17,14405.5
2018-10-19,14014.0498046875
2018-10-22,13661.5498046875
2018-10-23,13611.849609375
2018-10-24,13632.650390625
2018-10-25,13491.349609375
2018-10-26,13523.7001953125
2018-10-29,13965.2001953125
2018-10-30,13660.5
2018-10-31,13753.349609375
2018-11-01,13742.400390625
2018-11-02,14005.2998046875
2018-11-05,13985.75
2018-11-06,14082.7998046875
2018-11-07,14151.0
2018-11-09,14074.599609375
2018-11-12,13849.2998046875
2018-11-13,14091.0498046875
2018-11-14,14160.75
2018-11-15,14130.599609375
2018-11-16,14312.599609375
2018-11-19,14466.4501953125
2018-11-20,14333.7001953125
2018-11-21,14124.349609375
2018-11-22,13978.650390625
2018-11-26,14003.599609375
2018-11-27,14185.599609375
2018-11-28,14264.75
2018-11-29,14367.900390625
2018-11-30,14323.9501953125
2018-12-03,14333.75
2018-12-04,14359.099609375
2018-12-05,14294.25
2018-12-06,13989.849609375
2018-12-07,14013.650390625
2018-12-10,13657.4501953125
2018-12-11,13709.5
2018-12-12,13912.900390625
2018-12-13,13924.2001953125
2018-12-14,14072.0498046875
2018-12-17,14283.9501953125
2018-12-18,14386.2001953125
2018-12-19,14462.5
2018-12-20,14424.7001953125
2018-12-21,14159.75
2018-12-24,13989.4501953125
2018-12-26,14063.7001953125
2018-12-27,14284.599609375
2018-12-28,14369.7998046875
2018-12-31,14334.849609375
2019-01-01,14348.0
2019-01-02,14140.5498046875
2019-01-03,13914.599609375
2019-01-04,14043.0498046875
2019-01-07,14137.0498046875
2019-01-08,14106.349609375
2019-01-09,14061.0
2019-01-10,14004.5498046875
2019-01-11,13937.5498046875
2019-01-14,13865.2001953125
2019-01-15,14162.599609375
2019-01-16,14242.599609375
2019-01-17,14257.5
2019-01-18,14607.5
2019-01-21,14963.849609375
2019-01-22,14949.849609375
2019-01-23,14849.7998046875
2019-01-24,14990.400390625
2019-01-25,14970.0498046875
2019-01-28,14820.0498046875
2019-01-29,14630.5
2019-01-30,14479.25
2019-01-31,14792.9501953125
2019-02-01,14975.75
2019-02-04,15215.349609375
2019-02-05,15198.9501953125
2019-02-06,15394.150390625
2019-02-07,15225.099609375
2019-02-08,15013.650390625
2019-02-11,14762.900390625
2019-02-12,14802.150390625
2019-02-14,14335.099609375
2019-02-15,14618.4501953125
2019-02-18,14433.7998046875
2019-02-19,14411.0498046875
2019-02-20,14679.150390625
2019-02-21,14796.7998046875
2019-02-22,14777.0498046875
2019-02-25,14762.9501953125
2019-02-26,14695.599609375
2019-02-27,14689.0498046875
2019-02-28,14818.5
2019-03-01,14857.849609375
2019-03-05,15108.599609375
2019-03-06,15363.0498046875
2019-03-07,15348.349609375
2019-03-08,15352.5498046875
2019-03-11,15770.9501953125
2019-03-12,15991.150390625
2019-03-13,16041.7998046875
2019-03-14,16024.9501953125
2019-03-15,16046.2001953125
2019-03-18,16333.150390625
2019-03-19,16593.900390625
2019-03-20,16397.400390625
2019-03-22,16152.2998046875
2019-03-25,16147.900390625
2019-03-26,16541.349609375
2019-03-27,16330.099609375
2019-03-28,16384.5
2019-04-01,16532.099609375
2019-04-02,16523.5
2019-04-03,16258.650390625
2019-04-04,16120.599609375
2019-04-05,16171.4501953125
2019-04-08,15983.2998046875
2019-04-09,16068.25
2019-04-10,16026.900390625
2019-04-11,16159.150390625
2019-04-12,16169.75
2019-04-15,16114.4501953125
2019-04-16,16203.5498046875
2019-04-18,16336.25
2019-04-22,15944.2998046875
2019-04-23,16010.7001953125
2019-04-24,16305.75
2019-04-25,16243.5498046875
2019-04-26,16431.5
2019-04-30,16500.0
2019-05-02,16499.05078125
2019-05-03,16568.30078125
2019-05-06,16503.150390625
2019-05-07,16231.2001953125
2019-05-08,15925.7998046875
2019-05-09,15635.4501953125
2019-05-10,15493.849609375
2019-05-13,15172.099609375
2019-05-14,15399.2998046875
2019-05-15,15274.2998046875
2019-05-16,15530.9501953125
2019-05-17,15538.650390625
2019-05-20,16240.400390625
2019-05-21,16087.400390625
2019-05-22,16171.9501953125
2019-05-23,16129.099609375
2019-05-24,16267.2998046875
2019-05-27,16382.650390625
2019-05-28,16487.94921875
2019-05-29,16325.9501953125
2019-05-30,16524.30078125
2019-05-31,16560.349609375
2019-06-03,16760.150390625
2019-06-04,16642.05078125
2019-06-06,16334.5498046875
2019-06-07,16231.150390625
2019-06-10,16125.0498046875
2019-06-11,16230.150390625
2019-06-12,16202.0
2019-06-13,16209.150390625
2019-06-14,16117.400390625
2019-06-17,15790.0498046875
2019-06-18,15904.2001953125
2019-06-19,15887.150390625
2019-06-20,16081.0
2019-06-21,15951.400390625
2019-06-24,15782.099609375
2019-06-25,16092.849609375
2019-06-26,16191.900390625
2019-06-27,16142.0
2019-06-28,16046.7998046875
2019-07-01,15964.0
2019-07-02,16121.7001953125
2019-07-03,16175.5
2019-07-04,16203.650390625
2019-07-05,15818.400390625
2019-07-08,15379.9501953125
2019-07-09,15587.5
2019-07-10,15466.400390625
2019-07-11,15547.650390625
2019-07-12,15432.5498046875
2019-07-15,15411.5
2019-07-16,15650.150390625
2019-07-17,15518.0
2019-07-18,15256.650390625
2019-07-19,15223.099609375
2019-07-22,15419.900390625
2019-07-23,15456.650390625
2019-07-24,15275.7001953125
2019-07-25,15061.4501953125
2019-07-26,14920.75
2019-07-29,14764.2001953125
2019-07-30,14496.2998046875
2019-07-31,14559.4501953125
2019-08-01,14590.0
2019-08-02,14433.9501953125
2019-08-05,14040.7001953125
2019-08-06,14016.849609375
2019-08-07,13819.150390625
2019-08-08,14122.5498046875
2019-08-09,14155.400390625
2019-08-13,14423.9501953125
2019-08-14,14564.5
2019-08-16,14594.7001953125
2019-08-19,14593.099609375
2019-08-20,14439.599609375
2019-08-21,14221.4501953125
2019-08-22,13897.2001953125
2019-08-23,14286.099609375
2019-08-26,14406.650390625
2019-08-27,14604.599609375
2019-08-28,14445.0
2019-08-29,14440.650390625
2019-08-30,14382.25
2019-09-03,13972.150390625
2019-09-04,14052.650390625
2019-09-05,14338.7998046875
2019-09-06,14591.400390625
2019-09-09,14617.849609375
2019-09-11,14585.099609375
2019-09-12,14404.650390625
2019-09-13,14727.150390625
2019-09-16,14533.4501953125
2019-09-17,14336.150390625
2019-09-18,14489.5498046875
2019-09-19,14281.9501953125
2019-09-20,14859.0498046875
2019-09-23,14999.5
2019-09-24,15100.849609375
2019-09-25,15179.2001953125
2019-09-26,15446.900390625
2019-09-27,15383.4501953125
2019-09-30,15501.599609375
2019-10-01,15386.349609375
2019-10-03,15592.7001953125
2019-10-04,15525.099609375
2019-10-07,15331.599609375
2019-10-09,15469.9501953125
2019-10-10,15579.2998046875
2019-10-11,15510.5
2019-10-14,15610.2001953125
2019-10-15,15782.849609375
2019-10-16,15833.349609375
2019-10-17,15976.599609375
2019-10-18,16183.7001953125
2019-10-22,16268.900390625
2019-10-23,16122.5
2019-10-24,16116.2998046875
2019-10-25,16071.650390625
2019-10-29,16318.400390625
2019-10-30,16463.80078125
2019-10-31,16486.150390625
2019-11-01,16381.0498046875
2019-11-04,16373.5
2019-11-05,16274.7998046875
2019-11-06,16209.099609375
2019-11-07,16194.650390625
2019-11-08,15911.0
2019-11-11,15934.650390625
2019-11-13,15962.650390625
2019-11-14,15905.0
2019-11-15,15856.650390625
2019-11-18,15883.2001953125
2019-11-19,16114.4501953125
2019-11-20,16337.400390625
2019-11-21,16085.4501953125
2019-11-22,16221.400390625
2019-11-25,16274.0498046875
2019-11-26,16176.0498046875
2019-11-27,16271.849609375
2019-11-28,16367.0498046875
2019-11-29,16232.150390625
2019-12-02,16258.5
2019-12-03,16111.650390625
2019-12-04,16031.5
2019-12-05,15930.099609375
2019-12-06,15811.75
2019-12-09,15950.5
2019-12-10,15682.650390625
2019-12-11,15834.099609375
2019-12-12,15949.9501953125
2019-12-13,16068.0498046875
2019-12-16,15974.2001953125
2019-12-17,15975.5498046875
2019-12-18,15956.849609375
2019-12-19,16112.900390625
2019-12-20,16081.150390625
2019-12-23,15971.599609375
2019-12-24,15861.2998046875
2019-12-26,15705.2998046875
2019-12-27,15944.9501953125
2019-12-30,15962.150390625
2019-12-31,15908.2001953125
2020-01-01,15987.7998046875
2020-01-02,16128.5
2020-01-03,16054.7998046875
2020-01-06,15737.0498046875
2020-01-07,15793.75
2020-01-08,15664.9501953125
2020-01-09,15900.349609375
2020-01-10,15940.150390625
2020-01-13,16043.349609375
2020-01-14,16053.25
2020-01-15,16019.0
2020-01-16,15974.400390625
2020-01-17,16077.650390625
2020-01-20,15854.849609375
2020-01-21,15776.9501953125
2020-01-22,15534.599609375
2020-01-23,15704.849609375
2020-01-24,15674.650390625
2020-01-27,15489.25
2020-01-28,15363.349609375
2020-01-29,15451.900390625
2020-01-30,15244.7998046875
2020-01-31,14838.7998046875
2020-02-03,14499.75
2020-02-04,14953.7998046875
2020-02-05,15099.150390625
2020-02-06,15228.7998046875
2020-02-07,15189.9501953125
2020-02-10,15025.5
2020-02-11,15233.4501953125
2020-02-12,15234.2001953125
2020-02-13,15191.25
2020-02-14,15048.650390625
2020-02-17,14816.4501953125
2020-02-18,14789.849609375
2020-02-19,15057.2001953125
2020-02-20,14987.650390625
2020-02-24,14627.4501953125
2020-02-25,14455.849609375
2020-02-26,14189.7001953125
2020-02-27,14069.0498046875
2020-02-28,13651.0
2020-03-02,13419.0498046875
2020-03-03,13863.7001953125
2020-03-04,13876.650390625
2020-03-05,13743.650390625
2020-03-06,13342.599609375
2020-03-09,12480.2998046875
2020-03-11,12398.7001953125
2020-03-12,11204.900390625
2020-03-13,11721.25
2020-03-16,11017.4501953125
2020-03-17,10960.2998046875
2020-03-18,10466.900390625
2020-03-19,10042.9501953125
2020-03-20,10910.099609375
2020-03-23,9850.5
2020-03-24,10024.0
2020-03-25,10558.5
2020-03-26,10640.7001953125
2020-03-27,10626.2998046875
2020-03-30,10401.099609375
2020-03-31,11124.150390625
2020-04-01,10771.900390625
2020-04-03,10888.400390625
2020-04-07,11667.75
2020-04-08,11685.150390625
2020-04-09,11987.0
2020-04-13,11830.650390625
2020-04-15,11721.900390625
2020-04-16,11978.75
2020-04-17,12281.150390625
2020-04-20,12402.0498046875
2020-04-21,12090.5498046875
2020-04-22,12485.7998046875
2020-04-23,12438.7001953125
2020-04-24,12500.7998046875
2020-04-27,12581.9501953125
2020-04-28,12547.7001953125
2020-04-29,12611.5498046875
2020-04-30,13154.7001953125
2020-05-04,12726.650390625
2020-05-05,12897.900390625
2020-05-06,12912.400390625
2020-05-07,12829.400390625
2020-05-08,12896.7001953125
2020-05-11,12920.150390625
2020-05-12,12664.400390625
2020-05-13,12911.4501953125
2020-05-14,12485.9501953125
2020-05-15,12615.4501953125
2020-05-18,12214.5498046875
2020-05-19,12247.7001953125
2020-05-20,12508.5
2020-05-21,12502.599609375
2020-05-22,12463.5498046875
2020-05-26,12519.5498046875
2020-05-27,12715.9501953125
2020-05-28,12845.0
2020-05-29,13060.5
2020-06-01,13345.599609375
2020-06-02,13479.900390625
2020-06-03,13519.5498046875
2020-06-04,13704.599609375
2020-06-05,13925.400390625
2020-06-08,14140.5498046875
2020-06-09,13894.900390625
2020-06-10,13954.2998046875
2020-06-11,13745.7001953125
2020-06-12,13855.75
2020-06-15,13815.4501953125
2020-06-16,13780.5498046875
2020-06-17,13742.9501953125
2020-06-18,14023.4501953125
2020-06-19,14535.25
2020-06-22,14675.599609375
2020-06-23,14837.5498046875
2020-06-24,14603.650390625
2020-06-25,14505.2001953125
2020-06-26,14832.650390625
2020-06-29,14588.5
2020-06-30,14396.5498046875
2020-07-01,14474.349609375
2020-07-02,14625.2001953125
2020-07-03,14771.0498046875
2020-07-06,14997.849609375
2020-07-07,14696.7001953125
2020-07-08,14554.349609375
2020-07-09,14620.849609375
2020-07-10,14698.5
2020-07-13,14835.099609375
2020-07-14,14581.900390625
2020-07-15,14302.9501953125
2020-07-16,14339.900390625
2020-07-17,14942.25
2020-07-20,14936.0
2020-07-21,15457.349609375
2020-07-22,15565.400390625
2020-07-23,15803.25
2020-07-24,15895.849609375
2020-07-27,15903.0498046875
2020-07-28,16001.9501953125
2020-07-29,15737.5498046875
2020-07-30,15439.0
2020-07-31,15309.150390625
2020-08-03,15055.5498046875
2020-08-04,15408.150390625
2020-08-05,15328.2998046875
2020-08-06,15408.150390625
2020-08-07,15498.0498046875
2020-08-10,15515.349609375
2020-08-11,15588.25
2020-08-12,15549.0
2020-08-13,15540.5498046875
2020-08-14,15394.9501953125
2020-08-17,15588.4501953125
2020-08-18,15634.349609375
2020-08-19,15712.0
2020-08-20,15960.9501953125
2020-08-21,16085.349609375
2020-08-24,16071.0
2020-08-25,15980.2001953125
2020-08-26,16115.0498046875
2020-08-27,15996.099609375
2020-08-28,15970.75
2020-08-31,15605.25
2020-09-01,15673.0498046875
2020-09-02,15857.25
2020-09-03,15734.75
2020-09-04,15434.7001953125
2020-09-07,15356.4501953125
2020-09-08,15336.4501953125
2020-09-09,15365.849609375
2020-09-10,15978.0498046875
2020-09-11,15942.2998046875
2020-09-14,15829.150390625
2020-09-15,15898.599609375
2020-09-16,15829.4501953125
2020-09-17,15688.4501953125
2020-09-18,15777.099609375
2020-09-21,15366.2998046875
2020-09-22,15064.900390625
2020-09-23,14956.599609375
2020-09-24,14548.4501953125
2020-09-25,14826.2998046875
2020-09-28,15210.2001953125
2020-09-29,15175.099609375
2020-09-30,15026.9501953125
2020-10-01,15049.7001953125
2020-10-05,14999.0498046875
2020-10-06,14966.7998046875
2020-10-07,14914.400390625
2020-10-08,14780.150390625
2020-10-09,14833.7998046875
2020-10-12,14754.599609375
2020-10-13,14911.9501953125
2020-10-14,14755.0
2020-10-15,14460.2001953125
2020-10-16,14562.5498046875
2020-10-19,14743.25
2020-10-20,14529.150390625
2020-10-21,14643.5498046875
2020-10-22,14789.4501953125
2020-10-23,14901.7001953125
2020-10-26,14613.4501953125
2020-10-27,14752.25
2020-10-28,14688.349609375
2020-10-29,14722.150390625
2020-10-30,14977.7998046875
2020-11-02,14606.099609375
2020-11-03,14528.4501953125
2020-11-04,14628.5
2020-11-05,15020.349609375
2020-11-06,15180.75
2020-11-09,15491.5
2020-11-10,15713.0498046875
2020-11-11,15773.5498046875
2020-11-12,15743.2001953125
2020-11-13,15869.25
2020-11-17,15925.2998046875
2020-11-18,15911.099609375
2020-11-19,15951.5498046875
2020-11-20,15959.75
2020-11-23,16405.55078125
2020-11-24,16460.55078125
2020-11-25,16388.0
2020-11-26,16346.0
2020-11-27,16251.849609375
2020-12-01,16475.349609375
2020-12-02,16701.05078125
2020-12-03,16941.25
2020-12-04,16923.55078125
2020-12-07,16998.599609375
2020-12-08,16967.55078125
2020-12-09,17087.75
2020-12-10,16931.599609375
2020-12-11,17204.05078125
2020-12-14,17351.349609375
2020-12-15,17281.349609375
2020-12-16,17383.150390625
2020-12-17,17323.55078125
2020-12-18,17231.94921875
2020-12-21,16377.4501953125
2020-12-22,16569.0
2020-12-23,16628.19921875
2020-12-24,16860.69921875
2020-12-28,17005.5
2020-12-29,16899.349609375
2020-12-30,16948.75
2020-12-31,16922.5
2021-01-04,17176.150390625
2021-01-05,17070.55078125
2021-01-06,17097.849609375
2021-01-07,17042.75
2021-01-08,17255.150390625
2021-01-11,17108.55078125
2021-01-12,17329.599609375
2021-01-13,17430.150390625
2021-01-14,17669.400390625
2021-01-15,17341.05078125
2021-01-18,17200.75
2021-01-19,17518.55078125
2021-01-20,17596.30078125
2021-01-21,17564.150390625
2021-01-25,16772.30078125
2021-01-27,16482.900390625
2021-01-28,16459.75
2021-01-29,16159.2001953125
2021-02-01,16587.55078125
2021-02-02,16950.5
2021-02-03,17221.5
2021-02-04,17462.94921875
2021-02-05,17415.5
2021-02-08,17664.05078125
2021-02-09,17685.400390625
2021-02-10,17706.400390625
2021-02-11,17945.900390625
2021-02-12,17753.05078125
2021-02-16,18129.30078125
2021-02-18,18770.650390625
2021-02-19,18681.5
2021-02-22,18336.849609375
2021-02-23,18717.5
2021-02-24,18782.400390625
2021-02-25,19355.69921875
2021-02-26,18793.349609375
2021-03-01,19159.099609375
2021-03-02,19303.400390625
2021-03-03,19670.05078125
2021-03-04,19507.30078125
2021-03-05,19428.19921875
2021-03-08,19650.349609375
2021-03-09,19385.150390625
2021-03-10,19331.25
2021-03-12,19318.30078125
2021-03-15,19322.900390625
2021-03-16,19293.19921875
2021-03-17,18693.94921875
2021-03-18,18404.400390625
2021-03-19,18985.400390625
2021-03-22,18991.75
2021-03-23,19005.55078125
2021-03-24,18676.75
2021-03-25,18133.349609375
2021-03-26,18217.650390625
2021-03-30,18418.900390625
2021-03-31,18185.099609375
2021-04-01,18516.19921875
2021-04-05,18232.19921875
2021-04-06,18217.150390625
2021-04-07,18333.349609375
2021-04-08,18275.55078125
2021-04-09,18077.150390625
2021-04-12,17279.44921875
2021-04-13,17672.80078125
2021-04-15,17781.650390625
2021-04-16,17841.05078125
2021-04-19,17357.75
2021-04-20,17342.0
2021-04-22,17370.94921875
2021-04-23,17537.69921875
2021-04-26,17675.0
2021-04-27,17879.19921875
2021-04-28,17990.599609375
2021-04-29,18063.099609375
2021-04-30,18031.099609375
2021-05-03,17983.400390625
2021-05-04,17947.849609375
2021-05-06,18178.19921875
2021-05-07,18295.599609375
2021-05-10,18590.05078125
2021-05-12,18717.400390625
2021-05-14,18652.94921875
2021-05-17,18847.05078125
2021-05-18,19201.55078125
2021-05-19,19308.099609375
2021-05-21,19326.30078125
2021-05-24,19583.55078125
2021-05-26,19321.0
2021-05-27,19295.349609375
2021-05-28,19566.80078125
2021-06-01,19976.80078125
2021-06-02,20223.5
2021-06-03,20328.400390625
2021-06-04,20368.05078125
2021-06-07,20743.94921875
2021-06-08,20745.0
2021-06-09,20669.19921875
2021-06-10,20712.80078125
2021-06-11,20797.19921875
2021-06-14,20902.69921875
2021-06-15,20900.099609375
2021-06-16,20773.349609375
2021-06-17,20564.5
2021-06-18,20164.19921875
2021-06-21,20439.5
2021-06-22,20491.0
2021-06-23,20353.55078125
2021-06-24,20078.94921875
2021-06-25,19961.05078125
2021-06-28,19858.5
2021-06-29,19849.150390625
2021-06-30,19822.400390625
2021-07-01,19708.55078125
2021-07-02,19684.099609375
2021-07-06,19726.05078125
2021-07-07,19693.80078125
2021-07-08,19597.44921875
2021-07-09,19501.19921875
2021-07-12,19467.30078125
2021-07-13,19570.599609375
2021-07-14,19524.75
2021-07-15,19436.5
2021-07-16,19567.900390625
2021-07-19,19517.30078125
2021-07-20,19309.94921875
2021-07-22,19600.05078125
2021-07-23,19503.80078125
2021-07-26,19300.099609375
2021-07-27,19116.150390625
2021-07-28,19011.75
2021-07-29,18975.349609375
2021-07-30,18934.150390625
2021-08-02,19229.150390625
2021-08-03,19385.30078125
2021-08-04,19405.19921875
2021-08-05,19432.44921875
2021-08-06,19411.80078125
2021-08-09,19272.75
2021-08-10,19135.75
2021-08-11,19400.75
2021-08-12,19599.05078125
2021-08-13,19677.05078125
2021-08-16,19786.05078125
2021-08-17,19722.44921875
2021-08-18,19685.0
2021-08-20,19348.69921875
2021-08-23,19332.150390625
2021-08-24,19562.5
2021-08-25,19757.25
2021-08-26,19865.05078125
2021-08-27,19942.44921875
2021-08-30,20243.650390625
2021-08-31,20289.69921875
2021-09-01,20356.55078125
2021-09-02,20466.0
2021-09-03,20934.0
2021-09-06,21008.55078125
2021-09-07,20934.5
2021-09-08,21004.69921875
2021-09-09,21148.349609375
2021-09-13,20988.599609375
2021-09-14,21034.900390625
2021-09-15,21350.650390625
2021-09-16,21665.25
2021-09-17,21444.650390625
2021-09-20,21213.44921875
2021-09-21,21324.5
2021-09-22,21499.25
2021-09-23,21893.25
2021-09-24,21716.44921875
2021-09-27,22006.05078125
2021-09-28,22449.349609375
2021-09-29,22864.55078125
2021-09-30,22858.55078125
2021-10-01,23000.19921875
2021-10-04,23334.599609375
2021-10-05,24006.150390625
2021-10-06,23898.0
2021-10-07,23804.400390625
2021-10-08,23902.30078125
2021-10-11,24161.55078125
2021-10-12,24265.94921875
2021-10-13,24604.400390625
2021-10-14,24766.349609375
2021-10-18,25148.69921875
2021-10-19,24785.650390625
2021-10-20,24381.849609375
2021-10-21,24306.400390625
2021-10-22,24280.5
2021-10-25,24160.19921875
2021-10-26,24372.44921875
2021-10-27,24184.849609375
2021-10-28,23580.849609375
2021-10-29,23236.099609375
2021-11-01,23504.5
2021-11-02,23421.69921875
2021-11-03,23489.44921875
2021-11-04,23584.05078125
2021-11-08,23938.80078125
2021-11-09,24004.30078125
2021-11-10,24041.30078125
2021-11-11,23894.75
2021-11-12,24209.30078125
2021-11-15,24268.849609375
2021-11-16,23944.650390625
2021-11-17,23837.900390625
2021-11-18,23794.349609375
2021-11-22,23118.30078125
2021-11-23,23586.94921875
2021-11-24,23650.05078125
2021-11-25,24218.25
2021-11-26,23349.400390625
2021-11-29,23052.150390625
2021-11-30,22823.44921875
2021-12-01,23110.80078125
2021-12-02,23491.599609375
2021-12-03,23258.349609375
2021-12-06,22900.5
2021-12-07,23172.5
2021-12-08,23362.80078125
2021-12-09,23408.30078125
2021-12-10,23429.94921875
2021-12-13,23177.349609375
2021-12-14,23361.400390625
2021-12-15,23185.69921875
2021-12-16,23175.150390625
2021-12-17,22755.75
2021-12-20,22070.44921875
2021-12-21,22325.69921875
2021-12-22,22580.30078125
2021-12-23,22869.650390625
2021-12-24,22588.849609375
2021-12-27,22561.44921875
2021-12-28,22816.599609375
2021-12-29,22745.349609375
2021-12-30,22485.400390625
2021-12-31,22631.94921875
2022-01-03,22849.25
2022-01-04,23370.349609375
2022-01-05,23518.0
2022-01-06,23370.599609375
2022-01-07,23577.69921875
2022-01-10,23712.349609375
2022-01-11,24003.30078125
2022-01-12,24515.80078125
2022-01-13,24817.55078125
2022-01-14,24867.849609375
2022-01-17,25184.5
2022-01-18,25054.94921875
2022-01-19,25293.94921875
2022-01-20,25270.099609375
2022-01-21,25055.849609375
2022-01-24,24425.25
2022-01-25,24716.400390625
2022-01-27,24557.0
2022-01-28,24677.0
2022-01-31,24983.94921875
2022-02-01,24888.44921875
2022-02-02,24998.94921875
2022-02-03,24728.94921875
2022-02-04,24699.150390625
2022-02-07,24825.0
2022-02-08,24500.900390625
2022-02-09,24514.349609375
2022-02-10,24685.55078125
2022-02-11,24549.69921875
2022-02-14,23899.80078125
2022-02-15,24363.80078125
2022-02-16,24392.94921875
2022-02-17,24757.94921875
2022-02-18,24540.69921875
2022-02-21,24174.400390625
2022-02-22,24166.349609375
2022-02-23,24164.75
2022-02-24,22928.099609375
2022-02-25,23590.599609375
2022-02-28,24212.099609375
2022-03-02,24520.650390625
2022-03-03,24968.25
2022-03-04,24491.349609375
2022-03-07,24207.599609375
2022-03-08,24229.0
2022-03-09,24459.099609375
2022-03-10,24816.650390625
2022-03-11,25004.30078125
2022-03-14,24889.80078125
2022-03-15,24347.94921875
2022-03-16,24783.80078125
2022-03-17,25304.80078125
2022-03-21,24936.650390625
2022-03-22,25359.5
2022-03-23,25569.75
2022-03-24,25789.099609375
2022-03-25,25833.55078125
2022-03-28,25989.30078125
2022-03-29,25889.94921875
2022-03-30,25856.19921875
2022-03-31,25822.0
2022-04-01,26454.5
2022-04-04,26841.0
2022-04-05,27150.650390625
2022-04-06,27472.05078125
2022-04-07,27005.150390625
2022-04-08,27512.69921875
2022-04-11,28235.25
2022-04-12,28059.05078125
2022-04-13,28193.69921875
2022-04-18,28423.19921875
2022-04-19,28440.849609375
2022-04-20,28690.69921875
2022-04-21,29026.0
2022-04-22,28877.650390625
2022-04-25,28155.099609375
2022-04-26,28902.599609375
2022-04-27,28527.599609375
2022-04-28,29046.099609375
2022-04-29,28594.150390625
2022-05-02,28573.650390625
2022-05-04,28201.400390625
2022-05-05,28284.900390625
2022-05-06,28339.0
2022-05-09,27570.25
2022-05-10,26581.349609375
2022-05-11,26464.69921875
2022-05-12,25719.150390625
2022-05-13,25347.650390625
2022-05-16,25657.400390625
2022-05-17,26455.849609375
2022-05-18,26314.900390625
2022-05-19,25839.75
2022-05-20,26433.5
2022-05-23,26052.0
2022-05-24,25824.19921875
2022-05-25,25778.0
2022-05-26,25760.44921875
2022-05-27,25511.849609375
2022-05-30,25921.099609375
2022-05-31,25641.099609375
2022-06-01,25456.44921875
2022-06-02,25968.650390625
2022-06-03,25882.400390625
2022-06-06,25830.349609375
2022-06-07,26101.900390625
2022-06-08,25976.25
2022-06-09,26287.69921875
2022-06-10,25808.5
2022-06-13,25317.400390625
2022-06-14,25177.69921875
2022-06-15,24877.0
2022-06-16,24370.0
2022-06-17,24155.150390625
2022-06-20,23701.30078125
2022-06-21,24355.94921875
2022-06-22,23792.05078125
2022-06-23,23692.55078125
2022-06-24,24021.30078125
2022-06-27,24238.150390625
2022-06-28,24477.94921875
2022-06-29,24972.650390625
2022-06-30,25108.5
2022-07-01,24122.849609375
2022-07-04,24078.19921875
2022-07-05,24229.0
2022-07-06,24079.19921875
2022-07-07,24109.150390625
2022-07-08,24347.650390625
2022-07-11,25005.5
2022-07-12,25098.44921875
2022-07-13,24727.19921875
2022-07-14,24975.349609375
2022-07-15,24964.5
2022-07-18,25279.150390625
2022-07-19,25372.69921875
2022-07-20,25608.19921875
2022-07-21,25719.599609375
2022-07-22,25621.650390625
2022-07-25,25360.849609375
2022-07-26,25273.349609375
2022-07-27,25278.650390625
2022-07-28,25555.55078125
2022-07-29,26018.400390625
2022-08-01,26746.44921875
2022-08-02,27038.5
2022-08-03,27052.25
2022-08-04,26803.75
2022-08-05,26418.650390625
2022-08-08,26728.849609375
2022-08-10,26664.75
2022-08-11,26661.75
2022-08-12,27163.94921875
2022-08-16,27462.30078125
2022-08-17,27609.25
2022-08-18,27630.80078125
2022-08-19,27468.05078125
2022-08-22,27234.5
2022-08-23,27492.25
2022-08-24,27561.5
2022-08-25,27514.900390625
2022-08-26,27724.650390625
2022-08-29,27557.44921875
2022-08-30,28104.5
2022-09-01,27565.80078125
2022-09-02,27358.849609375
2022-09-05,27531.69921875
2022-09-06,27885.5
2022-09-07,27718.80078125
2022-09-08,27783.599609375
2022-09-09,27692.94921875
2022-09-12,27946.599609375
2022-09-13,28047.69921875
2022-09-14,27954.75
2022-09-15,28172.099609375
2022-09-16,27728.80078125
2022-09-19,27586.75
2022-09-20,27724.349609375
2022-09-21,27310.099609375
2022-09-22,27223.349609375
2022-09-23,26500.099609375
2022-09-26,25684.19921875
2022-09-27,25682.30078125
2022-09-28,25281.25
2022-09-29,25070.400390625
2022-09-30,25581.30078125
2022-10-03,25192.599609375
2022-10-04,25717.650390625
2022-10-06,25865.25
2022-10-07,25884.0
2022-10-10,25621.599609375
2022-10-11,25209.75
2022-10-12,25455.400390625
2022-10-13,25319.900390625
2022-10-14,25066.94921875
2022-10-17,25449.150390625
2022-10-18,25779.55078125
2022-10-19,25721.44921875
2022-10-20,26080.349609375
2022-10-21,25907.55078125
2022-10-24,26056.25
2022-10-25,25793.150390625
2022-10-27,26130.19921875
2022-10-28,26493.25
2022-10-31,26672.650390625
2022-11-01,26899.650390625
2022-11-02,26917.900390625
2022-11-03,26769.44921875
2022-11-04,26896.05078125
2022-11-07,27102.349609375
2022-11-09,26941.599609375
2022-11-10,26712.25
2022-11-11,26955.650390625
2022-11-14,26866.30078125
2022-11-15,26994.94921875
2022-11-16,26760.099609375
2022-11-17,26584.19921875
2022-11-18,26489.30078125
2022-11-21,26141.900390625
2022-11-22,26050.150390625
2022-11-23,26080.19921875
2022-11-24,26312.94921875
2022-11-25,26452.599609375
2022-11-28,26804.80078125
2022-11-29,26884.44921875
2022-11-30,27354.0
2022-12-01,27183.150390625
2022-12-02,27028.05078125
2022-12-05,26931.650390625
2022-12-06,27021.05078125
2022-12-07,26714.5
2022-12-08,26643.19921875
2022-12-09,26370.44921875
2022-12-12,26450.30078125
2022-12-13,26482.349609375
2022-12-14,26648.0
2022-12-15,26489.19921875
2022-12-16,26302.0
2022-12-19,26578.69921875
2022-12-20,26619.5
2022-12-21,26125.30078125
2022-12-22,25879.19921875
2022-12-23,24879.94921875
2022-12-27,25641.69921875
2022-12-28,25725.349609375
2022-12-29,25863.599609375
2022-12-30,25869.849609375
2023-01-02,26031.0
2023-01-03,26005.30078125
2023-01-04,25605.55078125
2023-01-05,25717.849609375
2023-01-06,25728.849609375
2023-01-09,26163.94921875
2023-01-10,26092.900390625
2023-01-11,25876.599609375
2023-01-12,25699.599609375
2023-01-13,25862.55078125
2023-01-16,26026.900390625
2023-01-17,26331.099609375
2023-01-18,26272.55078125
2023-01-19,26163.0
2023-01-20,26135.05078125
2023-01-23,26137.44921875
2023-01-24,25962.25
2023-01-25,25450.30078125
2023-01-27,24169.94921875
2023-01-30,23434.69921875
2023-01-31,23713.5
2023-02-01,23402.75
2023-02-02,22874.0
2023-02-03,22638.400390625
2023-02-06,22478.05078125
2023-02-07,22386.5
2023-02-08,22559.80078125
2023-02-09,22499.75
2023-02-10,22325.849609375
2023-02-13,22258.94921875
2023-02-14,22273.849609375
2023-02-15,22349.150390625
2023-02-16,22427.650390625
2023-02-17,22469.19921875
2023-02-20,22249.05078125
2023-02-21,22339.0
2023-02-22,21916.44921875
2023-02-23,21801.80078125
2023-02-24,21946.650390625
2023-02-27,21900.599609375
2023-02-28,21682.25
2023-03-01,21874.599609375
2023-03-02,21900.05078125
2023-03-03,22268.75
2023-03-06,22698.5
2023-03-08,22887.75
2023-03-09,22682.150390625
2023-03-10,22696.75
2023-03-13,22561.650390625
2023-03-14,22403.30078125
2023-03-15,22393.69921875
2023-03-16,22621.349609375
2023-03-17,22659.0
2023-03-20,22585.69921875
2023-03-21,22792.900390625
2023-03-22,22835.75
2023-03-23,22821.75
2023-03-24,22613.400390625
2023-03-27,22514.55078125
2023-03-28,22388.849609375
2023-03-29,22373.05078125
2023-03-31,22814.44921875
2023-04-03,22805.900390625
2023-04-05,22707.900390625
2023-04-06,22816.05078125
2023-04-10,23060.05078125
2023-04-11,23297.19921875
2023-04-12,23233.099609375
2023-04-13,23215.650390625
2023-04-17,23363.75
2023-04-18,23211.849609375
2023-04-19,23159.400390625
2023-04-20,23185.25
2023-04-21,23185.44921875
2023-04-24,23207.400390625
2023-04-25,23385.75
2023-04-26,23365.80078125
2023-04-27,23443.650390625
2023-04-28,23734.55078125
2023-05-02,24046.94921875
2023-05-03,23901.150390625
2023-05-04,24042.400390625
2023-05-05,23946.75
2023-05-08,24129.650390625
2023-05-09,24099.099609375
2023-05-10,24268.94921875
2023-05-11,24316.5
2023-05-12,24040.19921875
2023-05-15,24040.19921875
2023-05-16,24027.80078125
2023-05-17,23901.150390625
2023-05-18,23692.150390625
2023-05-19,23723.349609375
2023-05-22,23898.19921875
2023-05-23,24028.44921875
2023-05-24,24085.25
2023-05-25,24071.69921875
2023-05-26,24238.900390625
2023-05-29,24261.30078125
2023-05-30,24218.150390625
2023-05-31,23875.55078125
2023-06-01,23825.30078125
2023-06-02,23785.69921875
2023-06-05,23901.69921875
2023-06-06,23867.30078125
2023-06-07,24125.150390625
2023-06-08,24215.0
2023-06-09,24169.5
2023-06-12,24269.05078125
2023-06-13,24399.19921875
2023-06-14,24638.599609375
2023-06-15,24633.349609375
2023-06-16,24733.150390625
2023-06-19,24539.099609375
2023-06-20,24659.0
2023-06-21,24865.44921875
2023-06-22,24607.900390625
2023-06-23,24332.19921875
2023-06-26,24226.650390625
2023-06-27,24284.849609375
2023-06-28,24554.44921875
2023-06-30,24696.5
2023-07-03,25020.900390625
2023-07-04,24940.19921875
2023-07-05,25034.80078125
2023-07-06,25575.25
2023-07-07,25331.400390625
2023-07-10,25496.900390625
2023-07-11,25720.150390625
2023-07-12,25700.650390625
2023-07-13,25334.400390625
2023-07-14,25332.5
2023-07-17,25521.400390625
2023-07-18,25612.75
2023-07-19,25820.69921875
2023-07-20,26003.0
2023-07-21,25843.099609375
2023-07-24,25749.900390625
2023-07-25,26078.75
2023-07-26,26293.75
2023-07-27,26097.69921875
2023-07-28,26433.69921875
2023-07-31,26853.650390625
2023-08-01,26783.44921875
2023-08-02,26352.349609375
2023-08-03,26221.849609375
2023-08-04,26252.05078125
2023-08-07,26266.30078125
2023-08-08,26174.650390625
2023-08-09,26328.150390625
2023-08-10,26418.94921875
2023-08-11,26367.75
2023-08-14,26375.599609375
2023-08-16,26541.75
2023-08-17,26266.94921875
2023-08-18,26302.19921875
2023-08-21,26462.349609375
2023-08-22,26522.099609375
2023-08-23,26370.19921875
2023-08-24,26171.30078125
2023-08-25,25981.599609375
2023-08-28,26015.80078125
2023-08-29,26056.650390625
2023-08-30,25959.05078125
2023-08-31,25722.94921875
2023-09-01,26332.900390625
2023-09-04,26633.05078125
2023-09-05,26743.0
2023-09-06,26819.900390625
2023-09-07,27062.849609375
2023-09-08,27438.05078125
2023-09-11,27716.599609375
2023-09-12,27025.099609375
2023-09-13,27275.349609375
2023-09-14,27420.55078125
2023-09-15,27338.150390625
2023-09-18,27536.19921875
2023-09-20,27440.30078125
2023-09-21,27226.599609375
2023-09-22,27102.400390625
2023-09-25,27105.5
2023-09-26,27134.400390625
2023-09-27,27231.44921875
2023-09-28,27062.75
2023-09-29,27321.75
2023-10-03,26973.05078125
2023-10-04,26738.44921875
2023-10-05,26688.25
2023-10-06,26731.650390625
2023-10-09,26472.94921875
2023-10-10,26751.900390625
2023-10-11,27002.5
2023-10-12,27176.05078125
2023-10-13,27201.349609375
2023-10-16,27258.05078125
2023-10-17,27510.25
2023-10-18,27246.400390625
2023-10-19,27089.05078125
2023-10-20,26955.69921875
2023-10-23,26449.650390625
2023-10-25,26328.5
2023-10-26,26045.0
2023-10-27,26522.650390625
2023-10-30,26840.900390625
2023-10-31,26785.05078125
2023-11-01,26679.19921875
2023-11-02,26960.80078125
2023-11-03,27085.80078125
2023-11-06,27448.900390625
2023-11-07,27508.349609375
2023-11-08,27622.849609375
2023-11-09,27541.80078125
2023-11-10,27738.0
2023-11-13,28066.25
2023-11-15,28352.5
2023-11-16,28447.80078125
2023-11-17,28312.650390625
2023-11-20,28287.19921875
2023-11-21,28356.25
2023-11-22,28504.650390625
2023-11-23,28594.849609375
2023-11-24,28558.75
2023-11-28,29252.94921875
2023-11-29,29311.849609375
2023-11-30,29294.900390625
2023-12-01,29559.75
2023-12-04,30330.5
2023-12-05,31311.900390625
2023-12-06,31797.25
2023-12-07,32188.80078125
2023-12-08,31896.25
2023-12-11,32023.05078125
2023-12-12,31603.19921875
2023-12-13,31812.099609375
2023-12-14,32075.80078125
2023-12-15,32580.650390625
2023-12-18,32521.25
2023-12-19,33036.1484375
2023-12-20,32151.599609375
2023-12-21,32720.099609375
2023-12-22,32810.1484375
2023-12-26,33246.25
2023-12-27,33212.6015625
2023-12-28,33721.3984375
2023-12-29,33468.05078125
2024-01-02,33703.69921875
2024-01-03,33791.6015625
2024-01-04,34189.25
2024-01-05,34216.1484375
2024-01-08,34142.6015625
2024-01-09,34226.69921875
2024-01-10,34330.6484375
2024-01-11,34776.69921875
2024-01-12,34969.94921875
2024-01-15,35449.8515625
2024-01-16,35185.05078125
2024-01-17,34853.25
2024-01-18,34580.5
2024-01-19,34985.30078125
2024-01-23,34324.30078125
2024-01-24,34895.1015625
2024-01-25,35203.8515625
2024-01-29,37024.75
2024-01-30,36398.80078125
2024-01-31,36748.0
2024-02-01,36910.6015625
2024-02-02,38077.69921875
2024-02-05,38481.30078125
2024-02-06,38721.3984375
2024-02-07,38945.5
2024-02-08,39354.3515625
2024-02-09,39037.6484375
2024-02-12,38097.1015625
2024-02-13,38394.30078125
2024-02-14,39253.5
2024-02-15,39942.1484375
2024-02-16,39682.3984375
2024-02-20,39955.1484375
2024-02-21,39283.1484375
2024-02-22,39589.55078125
2024-02-23,39561.44921875
2024-02-26,39758.8984375
2024-02-27,39659.5
2024-02-28,38748.05078125
2024-02-29,38838.0
2024-03-01,39707.1015625
2024-03-04,40466.6015625
2024-03-05,40646.1015625
2024-03-06,40451.5
2024-03-07,40301.80078125
2024-03-11,39853.1015625
2024-03-12,39599.25
2024-03-13,37439.3984375
2024-03-14,38159.94921875
2024-03-15,37583.1015625
2024-03-18,37825.3984375
2024-03-19,37232.1015625
2024-03-20,37630.69921875
2024-03-21,38328.3515625
2024-03-22,38411.55078125
2024-03-26,38428.5
2024-03-27,38690.1484375
2024-03-28,39020.6015625
2024-04-01,39489.69921875
2024-04-02,39693.75
2024-04-03,39704.55078125
2024-04-04,39530.3515625
2024-04-05,39451.55078125
2024-04-08,39951.25
2024-04-09,39693.44921875
2024-04-10,40120.1015625
2024-04-12,39756.0
2024-04-15,39629.25
2024-04-16,39712.75
2024-04-18,39359.55078125
2024-04-19,39357.8515625
2024-04-22,39570.05078125
2024-04-23,39446.6015625
2024-04-24,39561.8515625
2024-04-25,39989.25
2024-04-26,39968.30078125
2024-04-29,40352.1015625
2024-04-30,40366.69921875
2024-05-02,40801.1015625
2024-05-03,40571.05078125
2024-05-06,39882.1015625
2024-05-07,39035.25
2024-05-08,39635.1015625
2024-05-09,38458.0
2024-05-10,39089.44921875
2024-05-13,38868.1484375
2024-05-14,39494.19921875
2024-05-15,39949.55078125
2024-05-16,40076.6015625
2024-05-17,40302.5
2024-05-21,40971.05078125
2024-05-22,41331.55078125
2024-05-23,41559.25
2024-05-24,41634.6484375
2024-05-27,41292.6484375
2024-05-28,40794.8515625
2024-05-29,40572.19921875
2024-05-30,39986.8515625
2024-05-31,40255.5
2024-06-03,42981.8984375
2024-06-04,37624.1015625
2024-06-05,38712.3515625
2024-06-06,39339.6484375
2024-06-07,40283.30078125
2024-06-10,40510.05078125
2024-06-11,40620.80078125
2024-06-12,40995.6484375
2024-06-13,40943.25
2024-06-14,41040.0
2024-06-18,41307.25
2024-06-19,40600.8984375
2024-06-20,40753.94921875
2024-06-21,40457.55078125
2024-06-24,40464.1484375
2024-06-25,40255.19921875
2024-06-26,40822.6015625
2024-06-27,41342.3515625
2024-06-28,41789.19921875
2024-07-01,41569.80078125
2024-07-02,41714.55078125
2024-07-03,41784.5
2024-07-04,41847.69921875
2024-07-05,42523.8984375
2024-07-08,42644.94921875
2024-07-09,42609.19921875
2024-07-10,42675.44921875
2024-07-11,42756.8515625
2024-07-12,42846.3515625
2024-07-15,43303.0
2024-07-16,43204.30078125
2024-07-18,43236.6484375
2024-07-19,42062.80078125
2024-07-22,41945.5
2024-07-23,41719.5
2024-07-24,42234.3515625
2024-07-25,42770.30078125
2024-07-26,43238.30078125
2024-07-29,43438.69921875
2024-07-30,43908.3515625
2024-07-31,44086.80078125
2024-08-01,44954.44921875
2024-08-02,44334.25
2024-08-05,42640.8984375
2024-08-06,42474.94921875
2024-08-07,43400.3984375
2024-08-08,42687.1484375
2024-08-09,43216.05078125
2024-08-12,42916.05078125
2024-08-13,42570.3515625
2024-08-14,42298.94921875
2024-08-16,42762.69921875
2024-08-19,43332.3515625
2024-08-20,43527.6484375
2024-08-21,43591.44921875
2024-08-22,43321.1484375
2024-08-23,43338.1484375
2024-08-26,43792.05078125
2024-08-27,43523.69921875
2024-08-28,43398.1015625
2024-08-29,43661.1015625
2024-08-30,43757.3984375
2024-09-02,43782.94921875
2024-09-03,43477.6484375
2024-09-04,43249.8515625
2024-09-05,42911.6015625
2024-09-06,42212.44921875
2024-09-09,41926.75
2024-09-10,42243.3984375
2024-09-11,41626.25
2024-09-12,42497.8515625
2024-09-13,42229.3984375
2024-09-16,42569.30078125
2024-09-17,42648.80078125
2024-09-18,42350.69921875
2024-09-19,42326.8984375
2024-09-20,42850.0
2024-09-23,43370.5
2024-09-24,43707.8515625
2024-09-25,44064.69921875
2024-09-26,44145.05078125
2024-09-27,44545.0
2024-09-30,44016.69921875
2024-10-01,43688.75
2024-10-03,42550.5
2024-10-04,42080.6484375
2024-10-07,41039.3515625
2024-10-08,41712.75
2024-10-09,41377.80078125
2024-10-10,41509.19921875
2024-10-11,41515.80078125
2024-10-14,41534.94921875
2024-10-15,41283.6015625
2024-10-16,41304.6484375
2024-10-17,40983.0
2024-10-18,41205.55078125
2024-10-21,40984.69921875
2024-10-22,40009.3515625
2024-10-23,39812.3984375
2024-10-24,39942.5
2024-10-25,39063.75
2024-10-28,39123.5
2024-10-29,39359.80078125
2024-10-30,39296.1484375
2024-10-31,39301.94921875
2024-11-01,39635.6484375
2024-11-04,38604.75
2024-11-05,38924.8984375
2024-11-06,39562.8515625
2024-11-07,38990.55078125
2024-11-08,38403.6484375
2024-11-11,38247.44921875
2024-11-12,37705.6484375
2024-11-13,37114.6484375
2024-11-14,37047.55078125
2024-11-18,36757.19921875
2024-11-19,36584.19921875
2024-11-21,35789.30078125
2024-11-22,36523.5
2024-11-25,37006.0
2024-11-26,36722.19921875
2024-11-27,37256.0
2024-11-28,36979.19921875
2024-11-29,37481.94921875
2024-12-02,37594.3984375
2024-12-03,38014.05078125
2024-12-04,37736.05078125
2024-12-05,37884.69921875
2024-12-06,37842.80078125
2024-12-09,37689.3984375
2024-12-10,37451.55078125
2024-12-11,37308.8515625
2024-12-12,37024.94921875
2024-12-13,37194.19921875
2024-12-16,36969.94921875
2024-12-17,36375.3984375
2024-12-18,35981.80078125
2024-12-19,35628.19921875
2024-12-20,34910.6015625
2024-12-23,35147.75
2024-12-24,35084.94921875
2024-12-26,35159.55078125
2024-12-27,35039.3984375
2024-12-30,34832.19921875
2024-12-31,35188.25
2025-01-02,35715.8984375
2025-01-03,35894.05078125
2025-01-06,34731.1484375
2025-01-07,35164.75
2025-01-08,35157.3984375
2025-01-09,34444.94921875
2025-01-10,33743.0
2025-01-13,32623.099609375
2025-01-14,33567.75
2025-01-15,33821.19921875
2025-01-16,34275.1015625
2025-01-17,34686.1015625
2025-01-20,34970.55078125
2025-01-21,34308.5
2025-01-22,33805.19921875
2025-01-23,33866.6015625
2025-01-24,33263.55078125
2025-01-27,32417.55078125
2025-01-28,31966.099609375
2025-01-29,32607.849609375
2025-01-30,33026.05078125
2025-01-31,33895.6015625
2025-02-03,32177.400390625
2025-02-04,32896.69921875
2025-02-05,33345.44921875
2025-02-06,33059.75
2025-02-07,32817.30078125
2025-02-10,32109.900390625
2025-02-11,31436.75
2025-02-12,31317.30078125
2025-02-13,31286.80078125
2025-02-14,30572.30078125
2025-02-17,30737.55078125
2025-02-18,30849.05078125
2025-02-19,31198.5
2025-02-20,31769.650390625
2025-02-21,31592.0
2025-02-24,31240.80078125
2025-02-25,31018.30078125
2025-02-27,30659.25
2025-02-28,30018.150390625
2025-03-03,30007.05078125
2025-03-04,30239.150390625
2025-03-05,31099.44921875
2025-03-06,31729.849609375
2025-03-07,31788.44921875
2025-03-10,31302.19921875
2025-03-11,31462.650390625
2025-03-12,31535.30078125
2025-03-13,31483.0
2025-03-17,31660.150390625
2025-03-18,32165.5
2025-03-19,32735.05078125
2025-03-20,33001.05078125
2025-03-21,33475.05078125
2025-03-24,33955.0
2025-03-25,33502.3984375
2025-03-26,33205.3984375
2025-03-27,33682.94921875
2025-03-28,33571.6015625
2025-04-01,33289.1484375
2025-04-02,33463.69921875
2025-04-03,33559.80078125
2025-04-04,32308.900390625
2025-04-07,31414.55078125
2025-04-08,31866.75
2025-04-09,31558.94921875
2025-04-11,32411.099609375
2025-04-15,33106.55078125
2025-04-16,33456.8984375
2025-04-17,33797.5
2025-04-21,34640.75
2025-04-22,34516.3515625
2025-04-23,34755.05078125
2025-04-24,34726.75
2025-04-25,33956.5
2025-04-28,34538.8515625
2025-04-29,34438.75
2025-04-30,34241.6015625
2025-05-02,34138.75
2025-05-05,34583.6015625
2025-05-06,33771.1015625
2025-05-07,34048.05078125
2025-05-08,33534.75
2025-05-09,33337.55078125
2025-05-12,34734.30078125
2025-05-13,34549.25
2025-05-14,35040.75
2025-05-15,35362.55078125
2025-05-16,35664.80078125
2025-05-19,35690.8515625
2025-05-20,35435.1484375
2025-05-21,35647.1015625
2025-05-22,35357.1015625
2025-05-23,35637.8984375
2025-05-26,35882.6015625
2025-05-27,35880.8984375
2025-05-28,35888.55078125
2025-05-29,35988.69921875
2025-05-30,35879.05078125
2025-06-02,35933.80078125
2025-06-03,35549.6015625
2025-06-04,35734.19921875
2025-06-05,35824.8515625
2025-06-06,35924.05078125
2025-06-09,36352.80078125
2025-06-10,36515.25
2025-06-11,36624.69921875
2025-06-12,35918.3515625
2025-06-13,35740.55078125
2025-06-16,36010.44921875
2025-06-17,35836.0
2025-06-18,35667.55078125
2025-06-19,35273.8515625
2025-06-20,35600.19921875
2025-06-23,35608.94921875
2025-06-24,35727.05078125
2025-06-25,35820.55078125
2025-06-26,36179.1015625
2025-06-27,36542.6015625
2025-06-30,36568.6484375
2025-07-01,36480.1015625
2025-07-02,36331.25
2025-07-03,36362.80078125
2025-07-04,36509.6015625
2025-07-07,36532.3984375
2025-07-08,36605.8515625
2025-07-09,36517.5
2025-07-10,36447.6484375
2025-07-11,36097.8515625
2025-07-14,36201.05078125
2025-07-15,36308.5
2025-07-16,36350.8984375
2025-07-17,36438.25
2025-07-18,36231.6484375
2025-07-21,36248.55078125
2025-07-22,36198.5
2025-07-23,36302.94921875
2025-07-24,36048.3515625
2025-07-25,35250.5
2025-07-28,35021.55078125
2025-07-29,35410.69921875
2025-07-30,35422.05078125
2025-07-31,35116.1484375
2025-08-01,34889.0
2025-08-04,34923.44921875
2025-08-05,34914.3984375
2025-08-06,34683.3515625
2025-08-07,34613.80078125
2025-08-08,34391.94921875
2025-08-11,34610.3515625
2025-08-12,34741.44921875
2025-08-13,34739.3515625
2025-08-14,34469.05078125
2025-08-18,34483.19921875
2025-08-19,34768.1015625
2025-08-20,34847.8515625
2025-08-21,34681.6015625
2025-08-22,34507.6015625
2025-08-25,34494.3515625
2025-08-26,33955.94921875
2025-08-28,33682.8515625
2025-08-29,33638.6484375
2025-09-01,34155.30078125
2025-09-02,34490.5
2025-09-03,34626.6015625
2025-09-04,34284.69921875
2025-09-05,34297.8984375
2025-09-08,34290.6484375
2025-09-09,34249.6484375
2025-09-10,34522.1015625
2025-09-11,34826.69921875
2025-09-12,34940.30078125
2025-09-15,35129.0
2025-09-16,35441.1015625
2025-09-17,35568.05078125
2025-09-18,35442.1015625
2025-09-19,35745.75
2025-09-22,35992.6484375
2025-09-23,35826.19921875
2025-09-24,35506.69921875
2025-09-25,35255.55078125
2025-09-26,34830.0
2025-09-29,35069.1484375
2025-09-30,34999.6484375
2025-10-01,35180.3515625
2025-10-03,35375.8984375
2025-10-06,35369.44921875
2025-10-07,35470.0
2025-10-08,35085.75
2025-10-09,35244.1484375
2025-10-10,35393.94921875
2025-10-13,35288.0
2025-10-14,35067.69921875
2025-10-15,35321.6484375
2025-10-16,35468.80078125
2025-10-17,35395.69921875
2025-10-20,35563.94921875
2025-10-21,35644.1484375
2025-10-23,35619.1484375
2025-10-24,35626.8984375
2025-10-27,35780.0
2025-10-28,35658.1484375
2025-10-29,36347.94921875
2025-10-30,36392.6015625
2025-10-31,36275.94921875
2025-11-03,36445.1484375
2025-11-04,36278.3984375
2025-11-06,35839.5
2025-11-07,35790.30078125
2025-11-10,35921.6015625
2025-11-11,36069.8515625
2025-11-12,36287.8984375
2025-11-13,36187.8515625
2025-11-14,36261.1015625
2025-11-17,36441.8515625
2025-11-18,36223.75
2025-11-19,36132.30078125
2025-11-20,36232.69921875
2025-11-21,35852.3984375
2025-11-24,35427.8515625
2025-11-25,35350.3515625
2025-11-26,35964.80078125
2025-11-27,35756.1484375
2025-11-28,35548.30078125
